identity,emotion,sentence_id,vc_system,lipsync_system,output_video,lse_c,lse_d,avsu,avsm,lmd,ssim,cpbd,wavlm_sim,mel_sim,wer
George,neutral,c01,xtts_v2,wav2lip,data/generated/xtts_v2/wav2lip/George_neutral_c01.mp4,0.38256797968499967,0.4710084321609386,0.009454183075618619,0.08437651911226011,5.148379260422167,0.9254511799642432,36.75421311117512,0.9187366962432861,0.017492709681391716,nan
George,neutral,c02,xtts_v2,wav2lip,data/generated/xtts_v2/wav2lip/George_neutral_c02.mp4,0.19012185927083636,0.7440428000718468,0.074081454936099,0.09104854384072367,4.417518846711488,0.9306290584924244,38.01324939899742,0.9547325372695923,0.06134849041700363,0.14285714285714285
George,emotional,c01,xtts_v2,wav2lip,data/generated/xtts_v2/wav2lip/George_emotional_c01.mp4,0.333330963597135,0.5965596086340657,-0.056520872593712794,0.11505018126517268,4.914785228723756,0.924569794301242,32.8472506057733,0.8988957405090332,0.05268111079931259,0.0
George,emotional,c02,xtts_v2,wav2lip,data/generated/xtts_v2/wav2lip/George_emotional_c02.mp4,0.351040792260033,0.5246953542184112,-0.11729962085084496,0.05528729675957676,6.21954908825792,0.9196192494351126,35.863300909298125,0.8171222805976868,0.06836535781621933,0.0
Jordi,neutral,c01,xtts_v2,wav2lip,data/generated/xtts_v2/wav2lip/Jordi_neutral_c01.mp4,0.39117550046978716,0.5170388615099961,0.0869800468966112,0.0003926028209998572,4.1223690675022615,0.8908418554866432,152.96297226073065,0.9530729055404663,0.10009646415710449,0.0
Jordi,neutral,c02,xtts_v2,wav2lip,data/generated/xtts_v2/wav2lip/Jordi_neutral_c02.mp4,0.2510656698506193,0.6873183255502737,0.014737741268610747,0.04141170663475058,3.842653597114534,0.8880226233440942,145.2029683396166,0.836303174495697,0.10527235269546509,0.16666666666666666
Jordi,emotional,c01,xtts_v2,wav2lip,data/generated/xtts_v2/wav2lip/Jordi_emotional_c01.mp4,0.19949747205490753,0.7002804861174039,-0.10314905291907611,0.24031770811149328,5.878866493882988,0.8882601532391688,147.79585602788953,0.9160071611404419,0.023195212706923485,0.0
Jordi,emotional,c02,xtts_v2,wav2lip,data/generated/xtts_v2/wav2lip/Jordi_emotional_c02.mp4,0.276624794870552,0.6296947570873186,-0.1212369040160398,0.027588310577498817,6.036474046758059,0.8851811123088059,160.45325747649073,0.8181909918785095,0.02608129195868969,0.0
Lisset,neutral,c01,xtts_v2,wav2lip,data/generated/xtts_v2/wav2lip/Lisset_neutral_c01.mp4,0.2956194339986431,0.6459365068802541,0.029850012137717298,0.020567096479128286,3.48780626646498,0.9146125317491554,69.96870493962719,0.9266829490661621,0.006790168583393097,0.5
Lisset,neutral,c02,xtts_v2,wav2lip,data/generated/xtts_v2/wav2lip/Lisset_neutral_c02.mp4,0.4082112350059882,0.49006739289252965,-0.042571355340314115,0.0046445940793108376,3.994337927560851,0.9139614186461651,72.89245823416174,0.9494377970695496,0.018088791519403458,0.125
Lisset,emotional,c01,xtts_v2,wav2lip,data/generated/xtts_v2/wav2lip/Lisset_emotional_c01.mp4,0.37282212099687906,0.4795040357531386,-0.15901765095974021,0.07671723820829941,3.084896493766858,0.9201247154305712,40.64478340823922,0.9225150942802429,0.24425862729549408,0.0
Lisset,emotional,c02,xtts_v2,wav2lip,data/generated/xtts_v2/wav2lip/Lisset_emotional_c02.mp4,0.217676119456741,0.6522460493593221,0.09446573269712243,0.019514431676599206,5.07730237417819,0.9137891716658263,49.58812418209215,0.9355993270874023,0.0385841429233551,0.0
Maisa,neutral,c01,xtts_v2,wav2lip,data/generated/xtts_v2/wav2lip/Maisa_neutral_c01.mp4,0.169988128787682,0.8047954202941157,0.006973471303841806,0.16071142941683628,6.053651020125361,0.9258942233845379,96.07466388296383,0.8785156011581421,0.03250695392489433,0.0
Maisa,neutral,c02,xtts_v2,wav2lip,data/generated/xtts_v2/wav2lip/Maisa_neutral_c02.mp4,0.4928191060966489,0.34696188110588466,-0.3447846306812794,0.09388514241738005,2.5099308348964096,0.9406386891731807,91.2524150921248,0.8876104950904846,0.04730931296944618,0.0
Maisa,emotional,c01,xtts_v2,wav2lip,data/generated/xtts_v2/wav2lip/Maisa_emotional_c01.mp4,0.37489815084675526,0.3553051055637392,-0.09030618347680014,0.13772498822770352,3.8219519255362346,0.9231688141078527,156.15233917991517,0.8283113837242126,0.030255701392889023,0.0
Maisa,emotional,c02,xtts_v2,wav2lip,data/generated/xtts_v2/wav2lip/Maisa_emotional_c02.mp4,0.37855288752739824,0.5050575786079571,0.12497279803168554,0.1578648755185667,3.2761803927945317,0.9187018550713398,157.76836267703393,0.8979202508926392,0.003330368548631668,1.0
Selene,neutral,c01,xtts_v2,wav2lip,data/generated/xtts_v2/wav2lip/Selene_neutral_c01.mp4,0.3370756118180812,0.5411715107650203,0.21249010519024059,0.13592070601239173,3.2040101470506746,0.9386429941142436,89.56051633445195,0.8836159706115723,0.004935263190418482,1.0
Selene,neutral,c02,xtts_v2,wav2lip,data/generated/xtts_v2/wav2lip/Selene_neutral_c02.mp4,0.28653032359479497,0.6576036895321695,0.09789830334233954,0.10559926148055948,3.2043423714883956,0.9382073371399535,76.50985902982086,0.8469751477241516,0.026194702833890915,1.0
Selene,emotional,c01,xtts_v2,wav2lip,data/generated/xtts_v2/wav2lip/Selene_emotional_c01.mp4,0.31723189339277047,0.597874879454086,-0.14595545167475896,0.023549354751003032,4.11433596962842,0.9319222518241914,92.05286084144058,0.921355128288269,0.019747842103242874,0.0
Selene,emotional,c02,xtts_v2,wav2lip,data/generated/xtts_v2/wav2lip/Selene_emotional_c02.mp4,0.25324965150073175,0.7076931179801853,0.07630986335834038,0.2020953677703039,3.8447056524682615,0.934041752702637,104.66530236022913,0.8714067935943604,0.000758294714614749,1.0
George,neutral,c01,knn_vc,wav2lip,data/generated/knn_vc/wav2lip/George_neutral_c01.mp4,0.5392913413637045,0.3570312243269257,0.06739062280876107,0.0263790484704413,3.7235972827817863,0.9322588173980906,36.36078480250066,0.9176024198532104,0.6387109160423279,nan
George,neutral,c02,knn_vc,wav2lip,data/generated/knn_vc/wav2lip/George_neutral_c02.mp4,0.38557071016707,0.5462273918582576,-0.0060914066972867125,0.011073576294314096,3.296766461500051,0.9329485934465518,36.44367367855479,0.9740856289863586,0.4136650264263153,0.14285714285714285
George,emotional,c01,knn_vc,wav2lip,data/generated/knn_vc/wav2lip/George_emotional_c01.mp4,0.5757253051558062,0.32479054308294386,0.09335165815124453,0.03479614640757979,6.267115461698782,0.9233306697063066,33.22790998813902,0.7180199027061462,0.3455435037612915,0.0
George,emotional,c02,knn_vc,wav2lip,data/generated/knn_vc/wav2lip/George_emotional_c02.mp4,0.7274152094676305,0.18932461155400715,0.15787462419512777,0.33042519175633717,5.366525321788563,0.9208681053949843,34.368409307741246,0.9087402820587158,0.1526288241147995,0.16666666666666666
Jordi,neutral,c01,knn_vc,wav2lip,data/generated/knn_vc/wav2lip/Jordi_neutral_c01.mp4,0.23393287154672388,0.6795195652795051,0.07123107411939009,0.016068075830309267,3.7786573356126567,0.896672862759092,146.7764993468491,0.9675620198249817,0.19342970848083496,0.0
Jordi,neutral,c02,knn_vc,wav2lip,data/generated/knn_vc/wav2lip/Jordi_neutral_c02.mp4,0.358724575268953,0.5680706562278363,0.0779808253947657,0.022100217166911726,3.4211295414374283,0.8929805878872961,146.4403891940407,0.9660157561302185,0.3014791011810303,0.0
Jordi,emotional,c01,knn_vc,wav2lip,data/generated/knn_vc/wav2lip/Jordi_emotional_c01.mp4,0.4292976305867093,0.4994629952351285,0.16825276927274885,0.031101082795421592,5.264860643004791,0.892136060102318,145.94911854466795,0.9473406076431274,0.3842907249927521,0.16666666666666666
Jordi,emotional,c02,knn_vc,wav2lip,data/generated/knn_vc/wav2lip/Jordi_emotional_c02.mp4,0.26274330927282824,0.6641248566125991,-0.09193900641671676,0.0015456678495854304,3.8409699270480773,0.8900733945101443,162.65595391743682,0.936773955821991,0.41880056262016296,0.0
Lisset,neutral,c01,knn_vc,wav2lip,data/generated/knn_vc/wav2lip/Lisset_neutral_c01.mp4,0.2629707098629371,0.6804074543491745,-0.004384531651240376,0.01371975626130062,3.2383867028980724,0.9151163961105704,69.92773433542708,0.9787701368331909,0.07053794711828232,0.25
Lisset,neutral,c02,knn_vc,wav2lip,data/generated/knn_vc/wav2lip/Lisset_neutral_c02.mp4,0.4536426484328683,0.47805867900338916,-0.04725441680431836,5.404386379782855e-05,2.930980978647212,0.9186122273325369,76.87700921074334,0.9773285388946533,0.07835561037063599,0.125
Lisset,emotional,c01,knn_vc,wav2lip,data/generated/knn_vc/wav2lip/Lisset_emotional_c01.mp4,0.5486648943388184,0.30159386048853987,-0.08024840288632246,0.002176951962485185,2.8131689144350966,0.9206053187432447,40.37376681408678,0.9514949321746826,0.2065449357032776,0.6666666666666666
Lisset,emotional,c02,knn_vc,wav2lip,data/generated/knn_vc/wav2lip/Lisset_emotional_c02.mp4,0.38727711555367345,0.42415109290389363,0.03783021836282712,0.03707331756572902,2.609745622728048,0.9220088017657947,48.8439322086619,0.9749314188957214,0.34257271885871887,0.0
Maisa,neutral,c01,knn_vc,wav2lip,data/generated/knn_vc/wav2lip/Maisa_neutral_c01.mp4,0.4892756291080704,0.34735643961870366,-0.17666275556753172,0.02284103413290231,2.1841621359616594,0.9386864040227224,96.12748853804231,0.9507395625114441,0.24293240904808044,0.0
Maisa,neutral,c02,knn_vc,wav2lip,data/generated/knn_vc/wav2lip/Maisa_neutral_c02.mp4,0.401114431483366,0.4995107972159306,0.29538380186299595,0.5463783038511656,2.1628677308520032,0.9440185710739224,90.54657039061775,0.8665631413459778,0.12772956490516663,0.3333333333333333
Maisa,emotional,c01,knn_vc,wav2lip,data/generated/knn_vc/wav2lip/Maisa_emotional_c01.mp4,0.47447181343371503,0.45102462331603355,-0.004357438811201114,0.05180160643735613,3.2591184399600817,0.9270864223089107,154.9914467362623,0.7532309293746948,0.22607548534870148,1.3333333333333333
Maisa,emotional,c02,knn_vc,wav2lip,data/generated/knn_vc/wav2lip/Maisa_emotional_c02.mp4,0.42893052899126427,0.5245155958502541,0.30212416877972137,0.019276109076045378,3.102805949607129,0.9222777220860426,147.9914215333834,0.8568659424781799,0.06110108643770218,2.0
Selene,neutral,c01,knn_vc,wav2lip,data/generated/knn_vc/wav2lip/Selene_neutral_c01.mp4,0.4812701661763318,0.443188513193018,0.06318536895140567,0.013372121834035591,2.821950913314767,0.9427389717689193,85.89098397856228,0.9560421705245972,0.19087131321430206,1.0
Selene,neutral,c02,knn_vc,wav2lip,data/generated/knn_vc/wav2lip/Selene_neutral_c02.mp4,0.27767909220257203,0.6771642777862508,0.012209915886654587,0.019938912920588855,2.990064773562445,0.9400803948917165,78.56217735051793,0.860741913318634,0.11202181130647659,0.5
Selene,emotional,c01,knn_vc,wav2lip,data/generated/knn_vc/wav2lip/Selene_emotional_c01.mp4,0.3472001561430557,0.5656905542064674,-0.23534419695831918,0.06582196742031252,3.049247464002346,0.9371695222103018,98.4373796862693,0.9146053791046143,0.177812859416008,2.6666666666666665
Selene,emotional,c02,knn_vc,wav2lip,data/generated/knn_vc/wav2lip/Selene_emotional_c02.mp4,0.2825343660755586,0.6781389014592538,-0.13766776591887842,0.011891264337158175,3.7256662542886647,0.9336552292455091,104.12972474504286,0.9246657490730286,0.13119912147521973,0.0
George,neutral,c01,openvoice_v2,wav2lip,data/generated/openvoice_v2/wav2lip/George_neutral_c01.mp4,0.5195258558011604,0.3742442683432725,0.10970890601767534,0.015909231366496843,3.4089640389672886,0.9323301594601292,36.47114432696632,0.8750602006912231,0.5112237334251404,nan
George,neutral,c02,openvoice_v2,wav2lip,data/generated/openvoice_v2/wav2lip/George_neutral_c02.mp4,0.4378862835596593,0.4873289517968751,-0.0007275540484593722,0.01630233648600345,3.071066619508854,0.9332724195791429,36.72202612026876,0.9669695496559143,0.3901534676551819,0.2857142857142857
George,emotional,c01,openvoice_v2,wav2lip,data/generated/openvoice_v2/wav2lip/George_emotional_c01.mp4,0.5675393348378468,0.326077790460335,0.05723457535982394,0.0012957637853943382,6.167042874707446,0.9238791333601212,32.82215537720765,0.8695167899131775,0.3196968734264374,0.0
George,emotional,c02,openvoice_v2,wav2lip,data/generated/openvoice_v2/wav2lip/George_emotional_c02.mp4,0.7399042143989722,0.17626572929673268,0.014032798038976543,0.18663194375576564,5.249153800677525,0.9209456617125523,34.133931503097365,0.9302463531494141,0.14181366562843323,0.16666666666666666
Jordi,neutral,c01,openvoice_v2,wav2lip,data/generated/openvoice_v2/wav2lip/Jordi_neutral_c01.mp4,0.23141203136842659,0.6700545561994351,0.07335927646659839,0.0143175852299917,3.4108789655602103,0.8965633931611375,147.34744946413642,0.9628235697746277,0.20819628238677979,0.0
Jordi,neutral,c02,openvoice_v2,wav2lip,data/generated/openvoice_v2/wav2lip/Jordi_neutral_c02.mp4,0.34667057388168654,0.5758423652028791,-0.0019956457527164025,0.058412765184534664,3.488652422147183,0.8931709926631035,146.38595442825275,0.9417586326599121,0.32497841119766235,0.0
Jordi,emotional,c01,openvoice_v2,wav2lip,data/generated/openvoice_v2/wav2lip/Jordi_emotional_c01.mp4,0.504741044444425,0.4286505192114062,0.1574197774323689,0.020340601869339836,5.203584242772175,0.8922057172450717,146.0690432837161,0.9474449753761292,0.3582930564880371,0.5
Jordi,emotional,c02,openvoice_v2,wav2lip,data/generated/openvoice_v2/wav2lip/Jordi_emotional_c02.mp4,0.2358811093043959,0.6898517818630576,-0.09300903302843959,0.0006215792945481469,3.8546734083605987,0.8899138271199446,162.1643117084699,0.9460114240646362,0.34759607911109924,0.16666666666666666
Lisset,neutral,c01,openvoice_v2,wav2lip,data/generated/openvoice_v2/wav2lip/Lisset_neutral_c01.mp4,0.2819126907943795,0.6596203250533621,-0.0012476844054399305,0.010673682841199192,3.0627668794690637,0.9155020392044192,69.60995872192758,0.9691296219825745,0.16078108549118042,1.0
Lisset,neutral,c02,openvoice_v2,wav2lip,data/generated/openvoice_v2/wav2lip/Lisset_neutral_c02.mp4,0.455429568539016,0.46980371435577784,-0.08116687982971564,0.03398931450940439,2.9636922547962565,0.9186655835265727,77.60887521779239,0.9747670292854309,0.12574201822280884,0.125
Lisset,emotional,c01,openvoice_v2,wav2lip,data/generated/openvoice_v2/wav2lip/Lisset_emotional_c01.mp4,0.5693483744047538,0.30870874822047545,-0.08620302869073992,0.00380416874687807,2.9345908134024503,0.9205341092371677,40.50593833899378,0.9726999998092651,0.21211223304271698,0.0
Lisset,emotional,c02,openvoice_v2,wav2lip,data/generated/openvoice_v2/wav2lip/Lisset_emotional_c02.mp4,0.3784297682582781,0.4405048535089705,-0.04589554768530187,0.12071797480829247,2.6326044604454473,0.9216731504203174,49.08342838594719,0.9610869288444519,0.5372915267944336,0.0
Maisa,neutral,c01,openvoice_v2,wav2lip,data/generated/openvoice_v2/wav2lip/Maisa_neutral_c01.mp4,0.478786578717418,0.3551261464553619,-0.1375273452691471,0.016229730496903738,1.8852788114118808,0.9394868325239849,96.34547278214811,0.9421693682670593,0.23947329819202423,0.0
Maisa,neutral,c02,openvoice_v2,wav2lip,data/generated/openvoice_v2/wav2lip/Maisa_neutral_c02.mp4,0.4187796610024822,0.47386727257485195,0.3242844404345658,0.5751941095943114,2.075883393616407,0.9443232415216015,89.52485918104782,0.9401429295539856,0.12702584266662598,0.6666666666666666
Maisa,emotional,c01,openvoice_v2,wav2lip,data/generated/openvoice_v2/wav2lip/Maisa_emotional_c01.mp4,0.49079386550749554,0.4267726266444355,0.03283353573387253,0.014561222440639753,3.0557199097828396,0.9272698415623689,154.298205026499,0.8705739974975586,0.21127961575984955,1.0
Maisa,emotional,c02,openvoice_v2,wav2lip,data/generated/openvoice_v2/wav2lip/Maisa_emotional_c02.mp4,0.3753583606934647,0.5802064834912652,0.27156979603324033,0.011220938254292434,2.7966079415354645,0.9229886362024255,148.88298795392063,0.9434040784835815,0.15157179534435272,0.0
Selene,neutral,c01,openvoice_v2,wav2lip,data/generated/openvoice_v2/wav2lip/Selene_neutral_c01.mp4,0.4704774271896616,0.45416863491855286,0.05006171578622953,0.026519261929637272,2.853429210758502,0.9425896049742793,85.48117311326745,0.8953133821487427,0.0849621593952179,2.0
Selene,neutral,c02,openvoice_v2,wav2lip,data/generated/openvoice_v2/wav2lip/Selene_neutral_c02.mp4,0.3106006916980212,0.647911167134425,0.0033651041165024325,0.01110495487017724,2.851002518762274,0.9405299074863571,78.63109950611485,0.856874942779541,0.0645294263958931,0.0
Selene,emotional,c01,openvoice_v2,wav2lip,data/generated/openvoice_v2/wav2lip/Selene_emotional_c01.mp4,0.3191822548569822,0.5831305584102477,-0.19183801736430667,0.022346948055420257,3.0797256514808633,0.9368335381383827,98.35787505461379,0.9413110613822937,0.11375128477811813,2.6666666666666665
Selene,emotional,c02,openvoice_v2,wav2lip,data/generated/openvoice_v2/wav2lip/Selene_emotional_c02.mp4,0.27975948459122824,0.6847225030387997,-0.12288901571950697,0.002903656058949905,3.4128826327567854,0.9349976526012012,104.28543540547986,0.9495753645896912,0.08251065760850906,1.0
George,neutral,c01,cosyvoice,wav2lip,data/generated/cosyvoice/wav2lip/George_neutral_c01.mp4,0.36134430046882343,0.5290589023647181,0.00408891748206323,0.08974865036739804,11.432409512261692,0.9241216389001536,37.14993569656978,0.6569958925247192,0.09623227268457413,nan
George,neutral,c02,cosyvoice,wav2lip,data/generated/cosyvoice/wav2lip/George_neutral_c02.mp4,0.16554700995051586,0.8083051588241392,-0.023605550537883147,0.006759605768873137,12.06669429562208,0.9285604144576415,36.79208869895204,0.7852717041969299,0.02438146248459816,1.0
George,emotional,c01,cosyvoice,wav2lip,data/generated/cosyvoice/wav2lip/George_emotional_c01.mp4,0.25685173258842475,0.6861259888492189,-0.032736595291112225,0.09127646736080444,7.219055453514562,0.9233962939242244,32.49345432144339,0.6603217124938965,0.05551707744598389,1.0
George,emotional,c02,cosyvoice,wav2lip,data/generated/cosyvoice/wav2lip/George_emotional_c02.mp4,0.19046688647460935,0.7568169686415511,-0.05040815465365188,0.12213908776299405,15.59833048262216,0.9114025728172631,34.37845911168853,0.7933194637298584,0.028330961242318153,1.0
Jordi,neutral,c01,cosyvoice,wav2lip,data/generated/cosyvoice/wav2lip/Jordi_neutral_c01.mp4,0.17139985253729803,0.8046880066894051,-0.04325164556164636,0.13022997404970071,5.811688344084697,0.8873188477786134,145.08275649239474,0.6356204152107239,0.06548713147640228,1.0
Jordi,neutral,c02,cosyvoice,wav2lip,data/generated/cosyvoice/wav2lip/Jordi_neutral_c02.mp4,0.21177034143833828,0.7565142805580762,-0.002873607107452007,0.05890315850821693,5.703913185995336,0.8863620221615738,144.92922661344915,0.6440290212631226,0.07617521286010742,1.0
Jordi,emotional,c01,cosyvoice,wav2lip,data/generated/cosyvoice/wav2lip/Jordi_emotional_c01.mp4,0.18018822111363525,0.7779391611941461,-0.04343492184160006,0.1805543169815345,9.886363206240821,0.8806745130609493,145.97117641406766,0.7486969232559204,0.11660867929458618,1.3333333333333333
Jordi,emotional,c02,cosyvoice,wav2lip,data/generated/cosyvoice/wav2lip/Jordi_emotional_c02.mp4,0.11640431285827162,0.8541263762733107,0.059579056529112544,0.1532446517354291,9.13059531270732,0.878707652004438,159.26380682803097,0.6040931344032288,0.03888116776943207,1.0
Lisset,neutral,c01,cosyvoice,wav2lip,data/generated/cosyvoice/wav2lip/Lisset_neutral_c01.mp4,0.1924336307619701,0.7571411398506465,0.00172261748128037,0.007545268843655661,4.3599534912358475,0.9131708522344326,70.91952765702133,0.7416186332702637,0.022205209359526634,1.0
Lisset,neutral,c02,cosyvoice,wav2lip,data/generated/cosyvoice/wav2lip/Lisset_neutral_c02.mp4,0.15280100184034762,0.8162073605323257,0.005765296892257718,0.05300801365027198,5.837930503943983,0.9134022533232379,76.92435871484564,0.7239318490028381,0.027735978364944458,1.0
Lisset,emotional,c01,cosyvoice,wav2lip,data/generated/cosyvoice/wav2lip/Lisset_emotional_c01.mp4,0.15775612126336788,0.792892065849227,0.010911512154370424,0.09328192227053725,6.393555748368401,0.9134117362396322,40.81406359614786,0.4923432469367981,0.09775742143392563,1.1666666666666667
Lisset,emotional,c02,cosyvoice,wav2lip,data/generated/cosyvoice/wav2lip/Lisset_emotional_c02.mp4,0.22499385534088684,0.7328771563647951,0.04025638264958344,0.0346043013302653,6.888317566625057,0.9138779113604055,49.404681136208204,0.6919350028038025,0.14587964117527008,1.0
Maisa,neutral,c01,cosyvoice,wav2lip,data/generated/cosyvoice/wav2lip/Maisa_neutral_c01.mp4,0.1354724243145366,0.8058152774751342,-0.05471063046994108,0.09918987660905919,4.775246219364437,0.9314099707811241,96.97546261546898,0.7610096335411072,0.08655493706464767,1.5
Maisa,neutral,c02,cosyvoice,wav2lip,data/generated/cosyvoice/wav2lip/Maisa_neutral_c02.mp4,0.14132066187721248,0.8087971191352049,-0.05841349984645875,0.19256946672192796,4.197857675770852,0.9374740946328661,90.68287301532017,0.6802189946174622,0.06249058619141579,1.3333333333333333
Maisa,emotional,c01,cosyvoice,wav2lip,data/generated/cosyvoice/wav2lip/Maisa_emotional_c01.mp4,0.23748932461743463,0.6872721694227902,-0.02610762902850107,0.07350196448983626,5.025416332875979,0.9213339291698085,152.07761617405805,0.5848411917686462,0.09651093184947968,1.0
Maisa,emotional,c02,cosyvoice,wav2lip,data/generated/cosyvoice/wav2lip/Maisa_emotional_c02.mp4,0.39253255867839915,0.5310174411405606,0.06144639609521009,0.22133911783438476,4.277588810165601,0.916654521451706,152.53255742470873,0.7457011342048645,0.025010859593749046,8.0
Selene,neutral,c01,cosyvoice,wav2lip,data/generated/cosyvoice/wav2lip/Selene_neutral_c01.mp4,0.30321066930366164,0.643406503070655,-0.03044424408008057,0.10702336786574868,6.003523188977032,0.9358748385454435,85.93240038141865,0.6978170871734619,0.04552135989069939,4.0
Selene,neutral,c02,cosyvoice,wav2lip,data/generated/cosyvoice/wav2lip/Selene_neutral_c02.mp4,0.32760084491206026,0.6306097956784286,0.09199776273419928,0.09971523848033766,7.606141682277501,0.9296240761911153,75.93920944050322,0.6547881960868835,0.06103501841425896,1.5
Selene,emotional,c01,cosyvoice,wav2lip,data/generated/cosyvoice/wav2lip/Selene_emotional_c01.mp4,0.34820354816809046,0.5684405003756423,-0.06273135085451458,0.10678757160227638,7.075571516062068,0.9309484348026945,96.96172382138286,0.6650197505950928,0.14211367070674896,3.6666666666666665
Selene,emotional,c02,cosyvoice,wav2lip,data/generated/cosyvoice/wav2lip/Selene_emotional_c02.mp4,0.21437576589920282,0.7261707022731774,-0.03814687152776992,0.08760506021567033,8.954323200520795,0.9250574597319915,102.73762384805521,0.35185161232948303,0.07996395230293274,1.6666666666666667
George,neutral,c01,xtts_v2,sadtalker,data/generated/xtts_v2/sadtalker/George_neutral_c01.mp4,0.5139899656960802,0.3082688060211538,0.060965659956393047,0.03280459006519728,15.826083953760902,0.756460933660954,26.590687938803658,0.9187366962432861,0.017492709681391716,nan
George,neutral,c02,xtts_v2,sadtalker,data/generated/xtts_v2/sadtalker/George_neutral_c02.mp4,0.2606055616426318,0.6743749332975386,0.0425380734691893,0.05927984447834268,27.312277032917205,0.7099161587942386,24.016180167857218,0.9547325372695923,0.06134849041700363,0.14285714285714285
George,emotional,c01,xtts_v2,sadtalker,data/generated/xtts_v2/sadtalker/George_emotional_c01.mp4,0.41148711584369707,0.5184597841675658,0.015988150432198058,0.04253549160245042,10.709759188010139,0.770989580781185,32.40618486651729,0.8988957405090332,0.05268111079931259,0.0
George,emotional,c02,xtts_v2,sadtalker,data/generated/xtts_v2/sadtalker/George_emotional_c02.mp4,0.34017663406912757,0.5214363448961614,0.20061314502157546,0.37312990892232634,20.582920692733552,0.7541995592720472,24.220502754452063,0.8171222805976868,0.06836535781621933,0.0
Jordi,neutral,c01,xtts_v2,sadtalker,data/generated/xtts_v2/sadtalker/Jordi_neutral_c01.mp4,0.49716025847433154,0.42251108534937365,-0.06777319808133753,0.15486632907496609,33.65739301257849,0.32663091653040227,103.9250035746852,0.9530729055404663,0.10009646415710449,0.0
Jordi,neutral,c02,xtts_v2,sadtalker,data/generated/xtts_v2/sadtalker/Jordi_neutral_c02.mp4,0.4168605742355378,0.5125746853141437,0.07929989990700088,0.02281952618709645,43.9039397346046,0.35378134323239663,85.58235577561116,0.836303174495697,0.10527235269546509,0.16666666666666666
Jordi,emotional,c01,xtts_v2,sadtalker,data/generated/xtts_v2/sadtalker/Jordi_emotional_c01.mp4,0.23023859955274434,0.6942721968942807,0.05550396157098599,0.08149197349764062,19.373746737210535,0.39017803626447367,92.03393881040864,0.9160071611404419,0.023195212706923485,0.0
Jordi,emotional,c02,xtts_v2,sadtalker,data/generated/xtts_v2/sadtalker/Jordi_emotional_c02.mp4,0.33073029291269085,0.5445981542602782,0.025623226480933622,0.1193058351679968,36.8093951092748,0.32432751024996564,83.6437896518255,0.8181909918785095,0.02608129195868969,0.0
Lisset,neutral,c01,xtts_v2,sadtalker,data/generated/xtts_v2/sadtalker/Lisset_neutral_c01.mp4,0.47721090306406067,0.45247800941581706,0.07064048726283438,0.06130866837186891,17.80474079709551,0.5154092653091914,99.53895285854318,0.9266829490661621,0.006790168583393097,0.5
Lisset,neutral,c02,xtts_v2,sadtalker,data/generated/xtts_v2/sadtalker/Lisset_neutral_c02.mp4,0.31757508183424304,0.6022959343119823,0.0330112327807201,0.08010072424747285,26.605716333528367,0.5118869237954412,34.68860889861485,0.9494377970695496,0.018088791519403458,0.125
Lisset,emotional,c01,xtts_v2,sadtalker,data/generated/xtts_v2/sadtalker/Lisset_emotional_c01.mp4,0.4748471529984199,0.3870570885073271,-0.25159448399030515,0.16921579811333665,13.767428580816475,0.5695517633516091,26.96860731553761,0.9225150942802429,0.24425862729549408,0.0
Lisset,emotional,c02,xtts_v2,sadtalker,data/generated/xtts_v2/sadtalker/Lisset_emotional_c02.mp4,0.28217913423071717,0.6171569531737511,0.12927965542932462,0.054455393373161326,30.565387094716318,0.4869244920384176,25.576126624922146,0.9355993270874023,0.0385841429233551,0.0
Maisa,neutral,c01,xtts_v2,sadtalker,data/generated/xtts_v2/sadtalker/Maisa_neutral_c01.mp4,0.3202263702674384,0.630948431235688,-0.1402018498643762,0.013763839507748399,46.66966895564282,0.4958837159913286,104.27274346472896,0.8785156011581421,0.03250695392489433,0.0
Maisa,neutral,c02,xtts_v2,sadtalker,data/generated/xtts_v2/sadtalker/Maisa_neutral_c02.mp4,0.4660544456094271,0.39384008573372,-0.37219493662336883,0.12123214157887269,43.81358930492017,0.4942445480307021,110.95735532264162,0.8876104950904846,0.04730931296944618,0.0
Maisa,emotional,c02,xtts_v2,sadtalker,data/generated/xtts_v2/sadtalker/Maisa_emotional_c02.mp4,0.2907848773876268,0.46406389300027195,0.15872519709942462,0.1240858659608145,22.388383459123496,0.4971797050139514,44.36192197151286,0.8979202508926392,0.003330368548631668,1.0
Selene,neutral,c01,xtts_v2,sadtalker,data/generated/xtts_v2/sadtalker/Selene_neutral_c01.mp4,0.41723257493561483,0.35768072506757265,-0.07001522256256985,0.1466165987077028,46.845851502232605,0.38972818927921177,107.38815928205635,0.8836159706115723,0.004935263190418482,1.0
Selene,neutral,c02,xtts_v2,sadtalker,data/generated/xtts_v2/sadtalker/Selene_neutral_c02.mp4,0.4183005820973212,0.5027000743060406,0.33278202889499464,0.3405057726513242,47.70202132537993,0.39583574484148704,110.32723191759975,0.8469751477241516,0.026194702833890915,1.5
Selene,emotional,c01,xtts_v2,sadtalker,data/generated/xtts_v2/sadtalker/Selene_emotional_c01.mp4,0.4422424545860829,0.3301312652801489,-0.24825979081978652,0.07876769236451156,41.22525886365876,0.3991695539102298,83.65456420683631,0.921355128288269,0.019747842103242874,0.0
George,neutral,c01,knn_vc,sadtalker,data/generated/knn_vc/sadtalker/George_neutral_c01.mp4,0.47306725772545166,0.45182992182772286,0.019644095640213043,0.07413607180378723,14.735256520182618,0.7531816252125797,26.453782798628954,0.9176024198532104,0.6387109160423279,nan
George,neutral,c02,knn_vc,sadtalker,data/generated/knn_vc/sadtalker/George_neutral_c02.mp4,0.34926192656030447,0.5826639737217254,0.02082878563085779,0.03779769325708977,24.39383262185867,0.714493780345129,23.568652362173047,0.9740856289863586,0.4136650264263153,0.14285714285714285
George,emotional,c01,knn_vc,sadtalker,data/generated/knn_vc/sadtalker/George_emotional_c01.mp4,0.584720425991484,0.2798485546191283,0.2771460840847771,0.21859920042349312,11.135546743396242,0.7752147683485099,34.065128568742594,0.7180199027061462,0.3455435037612915,0.0
George,emotional,c02,knn_vc,sadtalker,data/generated/knn_vc/sadtalker/George_emotional_c02.mp4,0.44303187259955545,0.4813986921504394,0.07610176394479891,0.2486397169609218,24.98191497153657,0.7482084579944823,23.471437886363773,0.9087402820587158,0.1526288241147995,0.16666666666666666
Jordi,neutral,c01,knn_vc,sadtalker,data/generated/knn_vc/sadtalker/Jordi_neutral_c01.mp4,0.39747711058601565,0.49522549387155335,-0.0700201202275019,0.15738662501147416,28.197174896021433,0.3380379054146508,103.42752812486506,0.9675620198249817,0.19342970848083496,0.0
Jordi,neutral,c02,knn_vc,sadtalker,data/generated/knn_vc/sadtalker/Jordi_neutral_c02.mp4,0.40208298099419465,0.48186745340736714,0.02596131894286664,0.030454732973084753,42.25643945095218,0.3537062710566514,85.63636018205638,0.9660157561302185,0.3014791011810303,0.0
Jordi,emotional,c01,knn_vc,sadtalker,data/generated/knn_vc/sadtalker/Jordi_emotional_c01.mp4,0.5667157044613566,0.3599031520824465,0.15095795458051967,0.013836091703638448,17.32650372827937,0.38952890478698093,90.78888144842506,0.9473406076431274,0.3842907249927521,0.16666666666666666
Jordi,emotional,c02,knn_vc,sadtalker,data/generated/knn_vc/sadtalker/Jordi_emotional_c02.mp4,0.4921199824494809,0.4143254696778783,0.07804882992473665,0.17176537356881205,31.97645694214638,0.32570625434349915,83.7833122903813,0.936773955821991,0.41880056262016296,0.0
Lisset,neutral,c01,knn_vc,sadtalker,data/generated/knn_vc/sadtalker/Lisset_neutral_c01.mp4,0.3864884160842009,0.5055772488210957,0.009820519557010984,0.0005775561251444745,16.47904846420026,0.516025271711519,101.11465542639064,0.9787701368331909,0.07053794711828232,0.25
Lisset,neutral,c02,knn_vc,sadtalker,data/generated/knn_vc/sadtalker/Lisset_neutral_c02.mp4,0.5463709163143333,0.38071801842548014,0.07342937151015468,0.12066435924448297,28.753570257000096,0.508899401882989,33.02653299004952,0.9773285388946533,0.07835561037063599,0.125
Lisset,emotional,c01,knn_vc,sadtalker,data/generated/knn_vc/sadtalker/Lisset_emotional_c01.mp4,0.3335418624499038,0.5729427077566592,0.22299178314400375,0.3053669956801284,13.197414580857771,0.5703277172006591,26.673504048126073,0.9514949321746826,0.2065449357032776,0.6666666666666666
Lisset,emotional,c02,knn_vc,sadtalker,data/generated/knn_vc/sadtalker/Lisset_emotional_c02.mp4,0.43485896204811003,0.3953448025597146,-0.11306288019859238,0.18788041021387952,33.33308549070573,0.501130641617773,25.14932705857456,0.9749314188957214,0.34257271885871887,0.0
Maisa,neutral,c01,knn_vc,sadtalker,data/generated/knn_vc/sadtalker/Maisa_neutral_c01.mp4,0.3859689003499759,0.4137710679472463,-0.2553626639943831,0.10142350999648472,45.78502973840763,0.49919934571217833,102.31391892952743,0.9507395625114441,0.24293240904808044,0.0
Maisa,neutral,c02,knn_vc,sadtalker,data/generated/knn_vc/sadtalker/Maisa_neutral_c02.mp4,0.395064866261817,0.5008886001733841,-0.3300606283841663,0.07908845530067293,44.64975257857704,0.49642790756762123,110.62177981397483,0.8665631413459778,0.12772956490516663,0.3333333333333333
Maisa,emotional,c02,knn_vc,sadtalker,data/generated/knn_vc/sadtalker/Maisa_emotional_c02.mp4,0.3987666783507298,0.5277578471166303,0.2301849311389376,0.05263192400422986,19.55252846838584,0.5080769206545076,42.17457478509921,0.8568659424781799,0.06110108643770218,8.0
Selene,neutral,c01,knn_vc,sadtalker,data/generated/knn_vc/sadtalker/Selene_neutral_c01.mp4,0.47438526647484336,0.4139634612267882,-0.14747477146732524,0.22397328441601488,49.07691686781036,0.4052485873792213,107.03600853610156,0.9560421705245972,0.19087131321430206,5.0
Selene,neutral,c02,knn_vc,sadtalker,data/generated/knn_vc/sadtalker/Selene_neutral_c02.mp4,0.26101513079600414,0.6986513039487956,0.16681874853367737,0.17453243946565125,50.31921633308809,0.3918307149183795,109.76953922602982,0.860741913318634,0.11202181130647659,0.5
Selene,emotional,c01,knn_vc,sadtalker,data/generated/knn_vc/sadtalker/Selene_emotional_c01.mp4,0.4712158325667944,0.3923535193955402,0.22432463569281966,0.3938241129385758,46.315391304107926,0.398990863978988,81.60440195855104,0.9146053791046143,0.177812859416008,2.6666666666666665
George,neutral,c01,openvoice_v2,sadtalker,data/generated/openvoice_v2/sadtalker/George_neutral_c01.mp4,0.5758724814854398,0.35431071393012004,-0.07668914280718489,0.17048812890441128,14.945661744190595,0.7513511626495042,26.80443257594212,0.8750602006912231,0.5112237334251404,nan
George,neutral,c02,openvoice_v2,sadtalker,data/generated/openvoice_v2/sadtalker/George_neutral_c02.mp4,0.45607669310430377,0.4672580401314499,0.03992459737526596,0.05693737196884931,24.337108526180778,0.7145394763947776,23.23657060118629,0.9669695496559143,0.3901534676551819,0.2857142857142857
George,emotional,c01,openvoice_v2,sadtalker,data/generated/openvoice_v2/sadtalker/George_emotional_c01.mp4,0.4593797157788574,0.39620986024580374,0.08055622565143448,0.022005624319328412,11.61959704498617,0.7760899955127522,32.310799477485055,0.8695167899131775,0.3196968734264374,0.0
George,emotional,c02,openvoice_v2,sadtalker,data/generated/openvoice_v2/sadtalker/George_emotional_c02.mp4,0.40813242442735637,0.5055153511021879,0.06267814143648477,0.2352344054990005,25.493047614457794,0.7457744581098895,23.103261538396985,0.9302463531494141,0.14181366562843323,0.16666666666666666
Jordi,neutral,c01,openvoice_v2,sadtalker,data/generated/openvoice_v2/sadtalker/Jordi_neutral_c01.mp4,0.44020958502044155,0.47209188351024367,-0.08674831847081192,0.17405850066256423,27.332293829290258,0.3403556388640238,103.35326898965171,0.9628235697746277,0.20819628238677979,0.0
Jordi,neutral,c02,openvoice_v2,sadtalker,data/generated/openvoice_v2/sadtalker/Jordi_neutral_c02.mp4,0.49910910181425383,0.42523254296289204,-0.10309430090917744,0.15938715709062223,42.3235223876222,0.35396682060779083,84.41578595184362,0.9417586326599121,0.32497841119766235,0.0
Jordi,emotional,c01,openvoice_v2,sadtalker,data/generated/openvoice_v2/sadtalker/Jordi_emotional_c01.mp4,0.47025437397205155,0.4396426493366391,0.1560047036226531,0.019016047927890356,16.270087459988403,0.3926866180201589,89.25806638469935,0.9474449753761292,0.3582930564880371,0.5
Jordi,emotional,c02,openvoice_v2,sadtalker,data/generated/openvoice_v2/sadtalker/Jordi_emotional_c02.mp4,0.5446358189358819,0.3366782199425936,0.10227519023089199,0.1959054207465506,31.79623050842463,0.3264540374541128,83.24228872516063,0.9460114240646362,0.34759607911109924,0.16666666666666666
Lisset,neutral,c01,openvoice_v2,sadtalker,data/generated/openvoice_v2/sadtalker/Lisset_neutral_c01.mp4,0.5095764313891156,0.3530363980246134,-0.029478070424870804,0.03882745234988623,17.15519295317908,0.5146540693037513,99.78698265676732,0.9691296219825745,0.16078108549118042,1.0
Lisset,neutral,c02,openvoice_v2,sadtalker,data/generated/openvoice_v2/sadtalker/Lisset_neutral_c02.mp4,0.4569615806652715,0.4726772664848702,0.01056097796803259,0.057767173230347316,29.07827106978138,0.5077171852872691,32.9648465040897,0.9747670292854309,0.12574201822280884,0.125
Lisset,emotional,c01,openvoice_v2,sadtalker,data/generated/openvoice_v2/sadtalker/Lisset_emotional_c01.mp4,0.5885258385646117,0.3068011675667174,-0.24470431726764005,0.16229119571073525,13.75217429384886,0.5679560409843899,26.792635171906213,0.9726999998092651,0.21211223304271698,0.0
Lisset,emotional,c02,openvoice_v2,sadtalker,data/generated/openvoice_v2/sadtalker/Lisset_emotional_c02.mp4,0.5537766831137182,0.25811269798241654,0.06233551737657125,0.012761117367595928,34.109569412252526,0.4973987815439227,25.830674003705518,0.9610869288444519,0.5372915267944336,0.0
Maisa,neutral,c01,openvoice_v2,sadtalker,data/generated/openvoice_v2/sadtalker/Maisa_neutral_c01.mp4,0.42193363689950303,0.44962955258564885,0.1344775333970819,0.2885931812941973,45.23167649592627,0.5001478663759429,101.97907702807447,0.9421693682670593,0.23947329819202423,0.0
Maisa,neutral,c02,openvoice_v2,sadtalker,data/generated/openvoice_v2/sadtalker/Maisa_neutral_c02.mp4,0.5112317281445848,0.3739851278244426,-0.35826644088108806,0.10732186928065984,45.13459935336146,0.495780790965292,110.8736659148656,0.9401429295539856,0.12702584266662598,0.6666666666666666
Maisa,emotional,c02,openvoice_v2,sadtalker,data/generated/openvoice_v2/sadtalker/Maisa_emotional_c02.mp4,0.3697183993569964,0.586961504787777,0.13812340387495836,0.1446847127088557,20.189354029987996,0.5082330416644216,42.543091805169375,0.9434040784835815,0.15157179534435272,0.0
Selene,neutral,c01,openvoice_v2,sadtalker,data/generated/openvoice_v2/sadtalker/Selene_neutral_c01.mp4,0.6089222487694627,0.279536316795592,-0.05661926918381082,0.13317554026575973,48.52843560046039,0.40540058853232874,106.84321921948556,0.8953133821487427,0.0849621593952179,2.0
Selene,neutral,c02,openvoice_v2,sadtalker,data/generated/openvoice_v2/sadtalker/Selene_neutral_c02.mp4,0.5712176263257156,0.385928317419429,0.248048571076163,0.2557833434527689,49.39765515782091,0.39178217407961985,110.36533325592366,0.856874942779541,0.0645294263958931,0.0
Selene,emotional,c01,openvoice_v2,sadtalker,data/generated/openvoice_v2/sadtalker/Selene_emotional_c01.mp4,0.5789758148708544,0.28539750470395775,0.22733341278206,0.3968372971104479,45.30010108826141,0.3991688565519077,82.89133558396642,0.9413110613822937,0.11375128477811813,2.6666666666666665
George,neutral,c01,cosyvoice,sadtalker,data/generated/cosyvoice/sadtalker/George_neutral_c01.mp4,0.5984043194476698,0.3352824207980728,0.2673262665850122,0.17349925164611174,22.858010498687314,0.76700118065655,25.169263906210723,0.6569958925247192,0.09623227268457413,nan
George,neutral,c02,cosyvoice,sadtalker,data/generated/cosyvoice/sadtalker/George_neutral_c02.mp4,0.1617343575694214,0.797724875879382,0.009385287677650251,0.02637229143070346,23.20076965739552,0.7197241702818332,22.918100254958134,0.7852717041969299,0.02438146248459816,1.0
George,emotional,c01,cosyvoice,sadtalker,data/generated/cosyvoice/sadtalker/George_emotional_c01.mp4,0.1761524846247212,0.7582591180000569,0.06995553753039338,0.011459430941013503,34.494368623065306,0.7547726433054907,30.272672037532715,0.6603217124938965,0.05551707744598389,1.0
George,emotional,c02,cosyvoice,sadtalker,data/generated/cosyvoice/sadtalker/George_emotional_c02.mp4,0.13734466107043794,0.8069818963499306,0.017636544400256787,0.19021365668240667,26.46707400848618,0.7393865578225025,21.559177454582937,0.7933194637298584,0.028330961242318153,1.0
Jordi,neutral,c01,cosyvoice,sadtalker,data/generated/cosyvoice/sadtalker/Jordi_neutral_c01.mp4,0.1977890809013507,0.7669407294499424,-0.02578124042350731,0.11316744798348957,28.930223904794946,0.35727228481473783,90.77462845564537,0.6356204152107239,0.06548713147640228,1.0
Jordi,neutral,c02,cosyvoice,sadtalker,data/generated/cosyvoice/sadtalker/Jordi_neutral_c02.mp4,0.2944409692477554,0.6653856194906147,0.03827116049925444,0.017441272130708153,43.27314341327801,0.36153197468045284,79.31781407672436,0.6440290212631226,0.07617521286010742,1.0
Jordi,emotional,c01,cosyvoice,sadtalker,data/generated/cosyvoice/sadtalker/Jordi_emotional_c01.mp4,0.3007128489468067,0.6379128424891882,-0.007751110578580099,0.14489725084360167,19.879096634466137,0.3932010991799582,84.86533309740643,0.7486969232559204,0.11660867929458618,1.3333333333333333
Jordi,emotional,c02,cosyvoice,sadtalker,data/generated/cosyvoice/sadtalker/Jordi_emotional_c02.mp4,0.19866633763451425,0.7391576918510645,-0.09755434032040551,0.0039529030094330175,40.22450520442804,0.3209202177963554,81.11501062579742,0.6040931344032288,0.03888116776943207,1.0
Lisset,neutral,c01,cosyvoice,sadtalker,data/generated/cosyvoice/sadtalker/Lisset_neutral_c01.mp4,0.2171153174484942,0.7527273065895366,0.048810356877817186,0.039480981552797834,17.88167140613266,0.5128291211488757,99.46928895614123,0.7416186332702637,0.022205209359526634,1.0
Lisset,neutral,c02,cosyvoice,sadtalker,data/generated/cosyvoice/sadtalker/Lisset_neutral_c02.mp4,0.17408620546249304,0.7796920595407054,-0.023335563245258272,0.023854734335047093,31.04290236175363,0.5122517285165893,33.46201341658889,0.7239318490028381,0.027735978364944458,1.0
Lisset,emotional,c01,cosyvoice,sadtalker,data/generated/cosyvoice/sadtalker/Lisset_emotional_c01.mp4,0.25112053411306917,0.6990241304562108,-0.04691120424114998,0.035491967433538975,14.75479918845961,0.5575200338893458,26.779314292083463,0.4923432469367981,0.09775742143392563,1.0
Lisset,emotional,c02,cosyvoice,sadtalker,data/generated/cosyvoice/sadtalker/Lisset_emotional_c02.mp4,0.3326803953397574,0.6142012633085872,0.13044840938982055,0.055581855775400923,35.55684249245468,0.4952132092531184,23.976064839606337,0.6919350028038025,0.14587964117527008,1.0
Maisa,neutral,c01,cosyvoice,sadtalker,data/generated/cosyvoice/sadtalker/Maisa_neutral_c01.mp4,0.4262641355786094,0.4964488676036749,0.1062024302119237,0.26013830246009995,41.425926815905626,0.5053018261487608,104.55661160176925,0.7610096335411072,0.08655493706464767,1.0
Maisa,neutral,c02,cosyvoice,sadtalker,data/generated/cosyvoice/sadtalker/Maisa_neutral_c02.mp4,0.22936246299394536,0.7256546378193097,0.058986617571051975,0.30990968228533533,44.81719334294169,0.5040855916194631,111.02828617610324,0.6802189946174622,0.06249058619141579,3.3333333333333335
Maisa,emotional,c02,cosyvoice,sadtalker,data/generated/cosyvoice/sadtalker/Maisa_emotional_c02.mp4,0.27409953300959455,0.65646295262729,0.2637860953905259,0.019042725906047053,18.23357001860296,0.5117951357464057,40.74861738553871,0.7457011342048645,0.025010859593749046,2.0
Selene,neutral,c01,cosyvoice,sadtalker,data/generated/cosyvoice/sadtalker/Selene_neutral_c01.mp4,0.2416450605766782,0.693319485249443,0.18376044477323925,0.10719171118215419,51.1172501300555,0.4018095109235125,107.98695883396448,0.6978170871734619,0.04552135989069939,5.0
Selene,neutral,c02,cosyvoice,sadtalker,data/generated/cosyvoice/sadtalker/Selene_neutral_c02.mp4,0.30801905073594366,0.6287074172655455,0.11475002795294559,0.12246280403477001,49.240549389560634,0.4074014104788298,110.82452608685757,0.6547881960868835,0.06103501841425896,1.0
Selene,emotional,c01,cosyvoice,sadtalker,data/generated/cosyvoice/sadtalker/Selene_emotional_c01.mp4,0.25501541637511754,0.664854589322835,-0.020045238388736286,0.14945342817871438,49.28401885208352,0.40222419240919327,81.7645381057015,0.6650197505950928,0.14211367070674896,3.3333333333333335
George,neutral,c01,xtts_v2,video_retalking,data/generated/xtts_v2/video_retalking/George_neutral_c01.mp4,0.30272005052800205,0.5895058613775519,0.19593487366567816,0.10208539930245376,8.82317556651623,0.9203282720410385,46.96890409872643,0.9187366962432861,0.017492709681391716,nan
George,neutral,c02,xtts_v2,video_retalking,data/generated/xtts_v2/video_retalking/George_neutral_c02.mp4,0.14205917744947444,0.8062332851901146,0.015626266739201235,0.03240145094555566,6.966367646157139,0.9241192925046756,47.740362227530774,0.9547325372695923,0.06134849041700363,0.14285714285714285
George,emotional,c01,xtts_v2,video_retalking,data/generated/xtts_v2/video_retalking/George_emotional_c01.mp4,0.3538313205553069,0.5745705696949069,0.07054725872662486,0.012049898066643937,5.026379483752632,0.9220567800743439,44.10100619132664,0.8988957405090332,0.05268111079931259,0.0
George,emotional,c02,xtts_v2,video_retalking,data/generated/xtts_v2/video_retalking/George_emotional_c02.mp4,0.26090882003527205,0.6264432772930006,-0.0535478990743159,0.11899965332104157,13.687420681580997,0.9012875918847378,44.91924979060306,0.8171222805976868,0.06836535781621933,0.0
Jordi,neutral,c01,xtts_v2,video_retalking,data/generated/xtts_v2/video_retalking/Jordi_neutral_c01.mp4,0.3248969532104916,0.6001780734882216,-0.06244780904751092,0.14925801635847202,9.05293332139085,0.89747919488297,187.76113324202743,0.9530729055404663,0.10009646415710449,0.0
Jordi,neutral,c02,xtts_v2,video_retalking,data/generated/xtts_v2/video_retalking/Jordi_neutral_c02.mp4,0.1993692628037912,0.7341579317843749,-0.036951735228671,0.09347908485562217,9.463499724813467,0.8935920028481303,176.21854275101595,0.836303174495697,0.10527235269546509,0.16666666666666666
Jordi,emotional,c01,xtts_v2,video_retalking,data/generated/xtts_v2/video_retalking/Jordi_emotional_c01.mp4,0.1797847732350057,0.7229546276118934,-0.08327196034920087,0.22030649292417742,11.941387015521899,0.8879136736530296,174.24597413526732,0.9160071611404419,0.023195212706923485,0.0
Jordi,emotional,c02,xtts_v2,video_retalking,data/generated/xtts_v2/video_retalking/Jordi_emotional_c02.mp4,0.26073993792377925,0.6619706570310213,-0.055238953921158004,0.0383467570050941,11.73273152513717,0.8780119645489399,182.09093148858966,0.8181909918785095,0.02608129195868969,0.0
Lisset,neutral,c01,xtts_v2,video_retalking,data/generated/xtts_v2/video_retalking/Lisset_neutral_c01.mp4,0.2811337551448188,0.6681493866624808,-0.009254465660167603,0.018412614138685477,6.958216085899417,0.9216589193944851,101.03236332880556,0.9266829490661621,0.006790168583393097,0.5
Lisset,neutral,c02,xtts_v2,video_retalking,data/generated/xtts_v2/video_retalking/Lisset_neutral_c02.mp4,0.40541237251294104,0.4989967053204105,-0.020304319375032416,0.02694702843937792,8.00613448332617,0.9228798308259413,104.74206835793511,0.9494377970695496,0.018088791519403458,0.125
Lisset,emotional,c01,xtts_v2,video_retalking,data/generated/xtts_v2/video_retalking/Lisset_emotional_c01.mp4,0.38355662784573885,0.4755502739429178,-0.0549299886513803,0.02745279423948401,10.300266841133062,0.9207754601272484,60.097918292723264,0.9225150942802429,0.24425862729549408,0.0
Lisset,emotional,c02,xtts_v2,video_retalking,data/generated/xtts_v2/video_retalking/Lisset_emotional_c02.mp4,0.1634470291548492,0.7199973306358171,0.07547114890374765,0.0005113021065892426,7.963089358468815,0.9182331593843165,71.27035964009026,0.9355993270874023,0.0385841429233551,0.0
Maisa,neutral,c01,xtts_v2,video_retalking,data/generated/xtts_v2/video_retalking/Maisa_neutral_c01.mp4,0.17621980881889396,0.8024815000379332,0.08441741322391542,0.23850685466028748,8.064227732890547,0.9218744601775809,105.10328660931103,0.8785156011581421,0.03250695392489433,0.0
Maisa,neutral,c02,xtts_v2,video_retalking,data/generated/xtts_v2/video_retalking/Maisa_neutral_c02.mp4,0.4630718632886681,0.37696054490443776,0.3314503702536807,0.5824649342430723,5.406266249838057,0.9304128951468266,100.26008965915992,0.8876104950904846,0.04730931296944618,0.0
Maisa,emotional,c01,xtts_v2,video_retalking,data/generated/xtts_v2/video_retalking/Maisa_emotional_c01.mp4,0.39842326111540216,0.37000642572379805,-0.15607500518920678,0.20342211931426626,5.631208260864845,0.9178401373450736,163.28329360653362,0.8283113837242126,0.030255701392889023,0.0
Maisa,emotional,c02,xtts_v2,video_retalking,data/generated/xtts_v2/video_retalking/Maisa_emotional_c02.mp4,0.308766874666905,0.5525427375737805,0.11822088758507378,0.1646105448773068,5.667654352767474,0.9163759148177417,173.00991570388442,0.8979202508926392,0.003330368548631668,1.0
Selene,neutral,c01,xtts_v2,video_retalking,data/generated/xtts_v2/video_retalking/Selene_neutral_c01.mp4,0.3095592200017117,0.5757699252965727,0.24270385632770697,0.1661283536735094,7.016744633287555,0.931572682999594,105.99810328780559,0.8836159706115723,0.004935263190418482,1.0
Selene,neutral,c02,xtts_v2,video_retalking,data/generated/xtts_v2/video_retalking/Selene_neutral_c02.mp4,0.1758032601099681,0.7580861320309076,0.06991515185141818,0.07766408844288128,7.1673473021754965,0.9298952759919245,91.48248425906941,0.8469751477241516,0.026194702833890915,1.0
Selene,emotional,c01,xtts_v2,video_retalking,data/generated/xtts_v2/video_retalking/Selene_emotional_c01.mp4,0.3109393983449401,0.5946662732048117,0.17814188327876046,0.34763745442732663,6.514325173809006,0.928551654530134,105.84704499673109,0.921355128288269,0.019747842103242874,0.0
Selene,emotional,c02,xtts_v2,video_retalking,data/generated/xtts_v2/video_retalking/Selene_emotional_c02.mp4,0.2766170175382315,0.6885949130774989,0.14021787220581405,0.26597189820475076,9.908930915029492,0.9238332975903498,117.96862174812578,0.8714067935943604,0.000758294714614749,1.0
George,neutral,c01,knn_vc,video_retalking,data/generated/knn_vc/video_retalking/George_neutral_c01.mp4,0.4295440051586854,0.46619234428312306,-0.09301878301664457,0.18682566994701688,8.19545587291091,0.9215053882776669,46.19746627095896,0.9176024198532104,0.6387109160423279,nan
George,neutral,c02,knn_vc,video_retalking,data/generated/knn_vc/video_retalking/George_neutral_c02.mp4,0.32443002113001795,0.6106992380381288,-0.06295990695016877,0.04616021150168648,7.540601071643264,0.9243173860644249,46.23503551914059,0.9740856289863586,0.4136650264263153,0.14285714285714285
George,emotional,c01,knn_vc,video_retalking,data/generated/knn_vc/video_retalking/George_emotional_c01.mp4,0.4994697388363788,0.4323651090340602,0.14207818907730352,0.08351834010056632,7.152442977482886,0.9200959951188704,43.888415606946914,0.7180199027061462,0.3455435037612915,0.0
George,emotional,c02,knn_vc,video_retalking,data/generated/knn_vc/video_retalking/George_emotional_c02.mp4,0.7254632128683719,0.1989370364353823,-0.0908980847328764,0.08164720774507263,10.897467029113553,0.9061994558220153,44.30743710327114,0.9087402820587158,0.1526288241147995,0.16666666666666666
Jordi,neutral,c01,knn_vc,video_retalking,data/generated/knn_vc/video_retalking/Jordi_neutral_c01.mp4,0.23234682427493605,0.687719132375465,0.062413235118718026,0.024939064552893957,9.370045847164434,0.900550134023105,179.3673115478462,0.9675620198249817,0.19342970848083496,0.0
Jordi,neutral,c02,knn_vc,video_retalking,data/generated/knn_vc/video_retalking/Jordi_neutral_c02.mp4,0.2815114496181692,0.6458190426600756,0.09269849217267286,0.03652831659290521,9.64951951322561,0.8974060309938147,177.61214809677324,0.9660157561302185,0.3014791011810303,0.0
Jordi,emotional,c01,knn_vc,video_retalking,data/generated/knn_vc/video_retalking/Jordi_emotional_c01.mp4,0.37420134337059263,0.5566693854656062,-0.14557424683806008,0.28263734967649723,12.018664146086724,0.8896828575998873,173.57817641142742,0.9473406076431274,0.3842907249927521,0.16666666666666666
Jordi,emotional,c02,knn_vc,video_retalking,data/generated/knn_vc/video_retalking/Jordi_emotional_c02.mp4,0.2369678288319761,0.7042266251641738,-0.13629728618842968,0.04268002411921279,12.064473770296622,0.8823837060944204,188.40587801413034,0.936773955821991,0.41880056262016296,0.0
Lisset,neutral,c01,knn_vc,video_retalking,data/generated/knn_vc/video_retalking/Lisset_neutral_c01.mp4,0.2420674664341449,0.6973058410580508,-0.0017186847135323266,0.011031946916938155,7.202730690228917,0.9191845851758296,100.52428841029024,0.9787701368331909,0.07053794711828232,0.25
Lisset,neutral,c02,knn_vc,video_retalking,data/generated/knn_vc/video_retalking/Lisset_neutral_c02.mp4,0.3493994230155412,0.5849245489828333,-0.03466030846618221,0.0125959302712031,7.393008916932275,0.9232631708810852,108.43105256761831,0.9773285388946533,0.07835561037063599,0.125
Lisset,emotional,c01,knn_vc,video_retalking,data/generated/knn_vc/video_retalking/Lisset_emotional_c01.mp4,0.5301634254151836,0.32811832483101855,-0.03539267707016835,0.04705980070435866,10.32531510131971,0.9213697109249853,59.47882009259349,0.9514949321746826,0.2065449357032776,0.6666666666666666
Lisset,emotional,c02,knn_vc,video_retalking,data/generated/knn_vc/video_retalking/Lisset_emotional_c02.mp4,0.38805876942549317,0.4296838521233002,0.048872128741161945,0.02594165281840704,6.917913170775012,0.9250259073904735,68.81934138835025,0.9749314188957214,0.34257271885871887,0.0
Maisa,neutral,c01,knn_vc,video_retalking,data/generated/knn_vc/video_retalking/Maisa_neutral_c01.mp4,0.4377645811910448,0.3967451952818746,-0.05286828366416099,0.10114524423576396,6.354872757406984,0.9263351827958128,106.08897333644374,0.9507395625114441,0.24293240904808044,0.0
Maisa,neutral,c02,knn_vc,video_retalking,data/generated/knn_vc/video_retalking/Maisa_neutral_c02.mp4,0.39686012782994173,0.5025736697404998,0.28680246725900294,0.5377227280135941,5.639158370864539,0.930636464535868,99.76735917455161,0.8665631413459778,0.12772956490516663,0.3333333333333333
Maisa,emotional,c01,knn_vc,video_retalking,data/generated/knn_vc/video_retalking/Maisa_emotional_c01.mp4,0.33859225723368047,0.5880483797633622,0.00791091663027256,0.039461927874050395,6.049953434308758,0.9207523653454309,163.2293753694448,0.7532309293746948,0.22607548534870148,1.0
Maisa,emotional,c02,knn_vc,video_retalking,data/generated/knn_vc/video_retalking/Maisa_emotional_c02.mp4,0.44128249017931176,0.5181329359185702,0.3127268573465136,0.02990588635173219,8.940449609829987,0.9105769420635174,162.8184020117993,0.8568659424781799,0.06110108643770218,3.0
Selene,neutral,c01,knn_vc,video_retalking,data/generated/knn_vc/video_retalking/Selene_neutral_c01.mp4,0.45228040489058585,0.4776927381362496,0.026198255464294842,0.05038651845882318,5.474893783237551,0.9361513571177981,99.2679863216214,0.9560421705245972,0.19087131321430206,3.0
Selene,neutral,c02,knn_vc,video_retalking,data/generated/knn_vc/video_retalking/Selene_neutral_c02.mp4,0.26813683243502767,0.6809267279690894,0.01679864316876041,0.024517602352323,7.028113828086804,0.9302278174444829,93.14129795139924,0.860741913318634,0.11202181130647659,0.5
Selene,emotional,c01,knn_vc,video_retalking,data/generated/knn_vc/video_retalking/Selene_emotional_c01.mp4,0.3735172583579706,0.5515526294564419,-0.23981252186466903,0.07031757340591549,5.826927099294537,0.931162274323851,112.20352274714236,0.9146053791046143,0.177812859416008,2.6666666666666665
Selene,emotional,c02,knn_vc,video_retalking,data/generated/knn_vc/video_retalking/Selene_emotional_c02.mp4,0.2881262154002263,0.6755951913150733,0.06313541806687181,0.18890109384658735,8.365270878805813,0.9247788043610573,117.96849551298811,0.9246657490730286,0.13119912147521973,1.0
George,neutral,c01,openvoice_v2,video_retalking,data/generated/openvoice_v2/video_retalking/George_neutral_c01.mp4,0.4366157703007558,0.45048917943416766,-0.054713974833865454,0.1485813745241735,8.305028505363676,0.9218607880978328,46.58039936508247,0.8750602006912231,0.5112237334251404,nan
George,neutral,c02,openvoice_v2,video_retalking,data/generated/openvoice_v2/video_retalking/George_neutral_c02.mp4,0.3780202336633329,0.5525757010553968,-0.05867897409594569,0.041660261340269095,7.365037139208348,0.9241781579290551,47.52403789353086,0.9669695496559143,0.3901534676551819,0.2857142857142857
George,emotional,c01,openvoice_v2,video_retalking,data/generated/openvoice_v2/video_retalking/George_emotional_c01.mp4,0.47866414919716704,0.44965115543458056,0.07023729185327349,0.011709111617634611,6.582410270147464,0.9214269869569935,44.306113754863006,0.8695167899131775,0.3196968734264374,0.0
George,emotional,c02,openvoice_v2,video_retalking,data/generated/openvoice_v2/video_retalking/George_emotional_c02.mp4,0.706564778099677,0.21289127132965402,-0.21766589746633838,0.045104027414396564,11.054891472829873,0.9065176364608456,44.230516606841256,0.9302463531494141,0.14181366562843323,0.16666666666666666
Jordi,neutral,c01,openvoice_v2,video_retalking,data/generated/openvoice_v2/video_retalking/Jordi_neutral_c01.mp4,0.22683803713515666,0.6774591313600811,-0.004897457981527423,0.09206453653943439,9.232184120255734,0.9010246271559613,178.8697896910181,0.9628235697746277,0.20819628238677979,0.0
Jordi,neutral,c02,openvoice_v2,video_retalking,data/generated/openvoice_v2/video_retalking/Jordi_neutral_c02.mp4,0.2742690955638647,0.6498041818690066,0.06345248741389596,0.007108011346537511,9.719718343722027,0.8976530781765535,179.0132423982123,0.9417586326599121,0.32497841119766235,0.0
Jordi,emotional,c01,openvoice_v2,video_retalking,data/generated/openvoice_v2/video_retalking/Jordi_emotional_c01.mp4,0.47326391613498925,0.4602823700214911,-0.16549772310301974,0.30271987587326343,12.499429308289075,0.8894172786251509,172.69520445182073,0.9474449753761292,0.3582930564880371,0.5
Jordi,emotional,c02,openvoice_v2,video_retalking,data/generated/openvoice_v2/video_retalking/Jordi_emotional_c02.mp4,0.2359897516388702,0.6964725796627753,-0.14403532157896462,0.05047180068720064,12.350127889251436,0.8822525457037171,188.31745046122097,0.9460114240646362,0.34759607911109924,0.16666666666666666
Lisset,neutral,c01,openvoice_v2,video_retalking,data/generated/openvoice_v2/video_retalking/Lisset_neutral_c01.mp4,0.2601243338161444,0.6746104015039791,0.02271928283179891,0.013411531547240368,7.001008666024051,0.9195520642590959,100.93784955772512,0.9691296219825745,0.16078108549118042,1.0
Lisset,neutral,c02,openvoice_v2,video_retalking,data/generated/openvoice_v2/video_retalking/Lisset_neutral_c02.mp4,0.3412721677138946,0.5876960143109481,-0.07725699722536396,0.03025673764564741,7.514794777570704,0.9239480695492245,108.47897404827245,0.9747670292854309,0.12574201822280884,0.125
Lisset,emotional,c01,openvoice_v2,video_retalking,data/generated/openvoice_v2/video_retalking/Lisset_emotional_c01.mp4,0.5406522986067155,0.33060806736976245,0.0034145471586023344,0.0857924528723258,10.601372006651005,0.9209589987860402,59.539310174700056,0.9726999998092651,0.21211223304271698,0.0
Lisset,emotional,c02,openvoice_v2,video_retalking,data/generated/openvoice_v2/video_retalking/Lisset_emotional_c02.mp4,0.39219995479835035,0.4290140461565456,0.029136570494292913,0.04581305107173596,7.5514796613172255,0.9232247983346401,68.8086522294481,0.9610869288444519,0.5372915267944336,0.0
Maisa,neutral,c01,openvoice_v2,video_retalking,data/generated/openvoice_v2/video_retalking/Maisa_neutral_c01.mp4,0.3789416095196555,0.45218584356329916,-0.10685825352908676,0.0470068658407628,6.242683837962742,0.9265767621520564,106.41037127742595,0.9421693682670593,0.23947329819202423,0.0
Maisa,neutral,c02,openvoice_v2,video_retalking,data/generated/openvoice_v2/video_retalking/Maisa_neutral_c02.mp4,0.43408818677628763,0.4602522343646944,-0.252207894347149,0.0013149569959737817,5.7102137132396065,0.9304279800550549,99.2283405451891,0.9401429295539856,0.12702584266662598,0.6666666666666666
Maisa,emotional,c01,openvoice_v2,video_retalking,data/generated/openvoice_v2/video_retalking/Maisa_emotional_c01.mp4,0.39947543391312984,0.5149037490973007,0.03916818744710775,0.00832463902919614,6.022788737029362,0.9207551456558273,163.9028487523086,0.8705739974975586,0.21127961575984955,1.0
Maisa,emotional,c02,openvoice_v2,video_retalking,data/generated/openvoice_v2/video_retalking/Maisa_emotional_c02.mp4,0.33275251031837516,0.6270841972344727,0.2825033187834103,0.00030156851370682913,8.836028134795747,0.9110167032265607,162.82895619220116,0.9434040784835815,0.15157179534435272,0.0
Selene,neutral,c01,openvoice_v2,video_retalking,data/generated/openvoice_v2/video_retalking/Selene_neutral_c01.mp4,0.4110707502590412,0.5206673212639561,0.01595397589696535,0.06062259276135624,5.536216400434367,0.9358839540467777,99.12725977892126,0.8953133821487427,0.0849621593952179,2.0
Selene,neutral,c02,openvoice_v2,video_retalking,data/generated/openvoice_v2/video_retalking/Selene_neutral_c02.mp4,0.28772745843668374,0.6631572788248097,-0.0036937744834654733,0.004020333498461847,7.335763418584536,0.9299156155959858,92.82017260932562,0.856874942779541,0.0645294263958931,0.0
Selene,emotional,c01,openvoice_v2,video_retalking,data/generated/openvoice_v2/video_retalking/Selene_emotional_c01.mp4,0.35708021381752075,0.5588881394382136,-0.18007965769801884,0.010507282984191235,6.484343914964097,0.9298901238271224,112.93865854664762,0.9413110613822937,0.11375128477811813,2.6666666666666665
Selene,emotional,c02,openvoice_v2,video_retalking,data/generated/openvoice_v2/video_retalking/Selene_emotional_c02.mp4,0.27540932157398523,0.6902500688982455,0.055245495576439395,0.18102276299804348,8.475142135387564,0.9255647220264147,118.33728548127219,0.9495753645896912,0.08251065760850906,1.0
George,neutral,c01,cosyvoice,video_retalking,data/generated/cosyvoice/video_retalking/George_neutral_c01.mp4,0.3659717016206328,0.5382138378346946,0.04657873582583367,0.04723745802872655,9.766393865505693,0.9183726827751296,46.778407468051405,0.6569958925247192,0.09623227268457413,nan
George,neutral,c02,cosyvoice,video_retalking,data/generated/cosyvoice/video_retalking/George_neutral_c02.mp4,0.15255672621035346,0.827652212774761,0.0328618628787132,0.04984711737442986,9.407324059924518,0.9202662494972932,46.62647007337374,0.7852717041969299,0.02438146248459816,1.0
George,emotional,c01,cosyvoice,video_retalking,data/generated/cosyvoice/video_retalking/George_emotional_c01.mp4,0.31308657465454054,0.6147107895621216,0.05858182743673959,5.1626324691168846e-05,6.625561320580384,0.9206306376840965,43.52676366130466,0.6603217124938965,0.05551707744598389,1.0
George,emotional,c02,cosyvoice,video_retalking,data/generated/cosyvoice/video_retalking/George_emotional_c02.mp4,0.19340148860055095,0.7483525249301788,-0.1038564476065875,0.06869166985299693,14.611392879267955,0.9020366600525758,43.75612987227561,0.7933194637298584,0.028330961242318153,1.1666666666666667
Jordi,neutral,c01,cosyvoice,video_retalking,data/generated/cosyvoice/video_retalking/Jordi_neutral_c01.mp4,0.18593528517052318,0.7878653316487886,0.0014467462248620815,0.08595888781684292,9.03638894939558,0.9009634618503043,180.07255462332344,0.6356204152107239,0.06548713147640228,1.0
Jordi,neutral,c02,cosyvoice,video_retalking,data/generated/cosyvoice/video_retalking/Jordi_neutral_c02.mp4,0.20240291186119524,0.7663253764703316,-0.006128918610398774,0.06196734965704,9.407607055791235,0.8980035308671644,179.39578844262692,0.6440290212631226,0.07617521286010742,1.0
Jordi,emotional,c01,cosyvoice,video_retalking,data/generated/cosyvoice/video_retalking/Jordi_emotional_c01.mp4,0.17889913699918897,0.7807168052964846,-0.05705682520482171,0.19417848794707632,14.436300933063993,0.8842998463658551,174.67965051903218,0.7486969232559204,0.11660867929458618,1.3333333333333333
Jordi,emotional,c02,cosyvoice,video_retalking,data/generated/cosyvoice/video_retalking/Jordi_emotional_c02.mp4,0.15614933354236735,0.8140335534313012,0.12744440684495262,0.22107644327638,14.255037101764634,0.877177814349925,184.08844842189134,0.6040931344032288,0.03888116776943207,1.0
Lisset,neutral,c01,cosyvoice,video_retalking,data/generated/cosyvoice/video_retalking/Lisset_neutral_c01.mp4,0.18582347725195625,0.76566571815482,-0.007324841757376633,0.01667783022864577,7.248470698029122,0.9207787575577249,101.23965749895162,0.7416186332702637,0.022205209359526634,1.0
Lisset,neutral,c02,cosyvoice,video_retalking,data/generated/cosyvoice/video_retalking/Lisset_neutral_c02.mp4,0.14025062754798115,0.8298871948595641,-0.0016380396964260238,0.045598566994792665,8.224714627369867,0.9262379706754084,109.16663001326877,0.7239318490028381,0.027735978364944458,1.0
Lisset,emotional,c01,cosyvoice,video_retalking,data/generated/cosyvoice/video_retalking/Lisset_emotional_c01.mp4,0.17348595343057038,0.7838294511165805,0.025490950388054233,0.10784303976415832,11.648789130575707,0.9221362205522339,59.244737922091694,0.4923432469367981,0.09775742143392563,1.0
Lisset,emotional,c02,cosyvoice,video_retalking,data/generated/cosyvoice/video_retalking/Lisset_emotional_c02.mp4,0.21742134758832168,0.7413864832521215,-0.001636572319525364,0.07652646644049615,9.455367106625767,0.9228114937368807,70.02496321801738,0.6919350028038025,0.14587964117527008,1.0
Maisa,neutral,c01,cosyvoice,video_retalking,data/generated/cosyvoice/video_retalking/Maisa_neutral_c01.mp4,0.13054225713777218,0.8120268803698893,-0.12569339079315814,0.028285730516477176,7.1768327606098925,0.9261511174271314,105.55605707436366,0.7610096335411072,0.08655493706464767,1.0
Maisa,neutral,c02,cosyvoice,video_retalking,data/generated/cosyvoice/video_retalking/Maisa_neutral_c02.mp4,0.13036522542800885,0.8163822169375134,-0.09179100417647454,0.15913324846343,5.321560983499666,0.9306647072003805,99.18677081382333,0.6802189946174622,0.06249058619141579,2.6666666666666665
Maisa,emotional,c01,cosyvoice,video_retalking,data/generated/cosyvoice/video_retalking/Maisa_emotional_c01.mp4,0.21493271055105684,0.7193780935410325,0.025572145967103995,0.021746695314938783,6.411300618042731,0.9184657711965115,161.14231348135246,0.5848411917686462,0.09651093184947968,1.0
Maisa,emotional,c02,cosyvoice,video_retalking,data/generated/cosyvoice/video_retalking/Maisa_emotional_c02.mp4,0.35763417187132035,0.5749936978656194,0.062143609616356996,0.22067652379591446,6.552991877555972,0.9145938071705543,166.82456058662524,0.7457011342048645,0.025010859593749046,1.0
Selene,neutral,c01,cosyvoice,video_retalking,data/generated/cosyvoice/video_retalking/Selene_neutral_c01.mp4,0.29899346546641437,0.6521833716819162,0.12486890313896898,0.048283909996334695,6.557839102388987,0.9358354325250086,100.27839641710307,0.6978170871734619,0.04552135989069939,6.0
Selene,neutral,c02,cosyvoice,video_retalking,data/generated/cosyvoice/video_retalking/Selene_neutral_c02.mp4,0.30519182405144424,0.649347315180463,0.10055149449557262,0.10827158414767389,9.123204451065682,0.9277934459013703,89.57403735884162,0.6547881960868835,0.06103501841425896,3.5
Selene,emotional,c01,cosyvoice,video_retalking,data/generated/cosyvoice/video_retalking/Selene_emotional_c01.mp4,0.31811270222185095,0.599018693008849,-0.10442744210304128,0.06506321712732499,7.237538232520471,0.9305645407337605,110.53960340170427,0.6650197505950928,0.14211367070674896,2.6666666666666665
Selene,emotional,c02,cosyvoice,video_retalking,data/generated/cosyvoice/video_retalking/Selene_emotional_c02.mp4,0.19448914695921055,0.7463096415910857,-0.022527003052136514,0.10320111701129278,12.373440788470775,0.9217862162151235,116.34276156779187,0.35185161232948303,0.07996395230293274,1.0
